<?xml version="1.0" encoding="UTF-8"?>
<project-private xmlns="http://www.netbeans.org/ns/project-private/1">
    <editor-bookmarks xmlns="http://www.netbeans.org/ns/editor-bookmarks/2" lastBookmarkId="0"/>
    <open-files xmlns="http://www.netbeans.org/ns/projectui-open-files/2">
        <group>
            <file>file:/Users/Jonah/Desktop/Assignment%203/src/assignment/pkg3/Assignment3.java</file>
            <file>file:/Users/Jonah/Desktop/Assignment%203/src/assignment/pkg3/Dice.java</file>
            <file>file:/Users/Jonah/Desktop/Assignment%203/src/assignment/pkg3/Graduate.java</file>
        </group>
    </open-files>
</project-private>
