<?xml version="1.0" encoding="UTF-8"?>
<project-private xmlns="http://www.netbeans.org/ns/project-private/1">
    <editor-bookmarks xmlns="http://www.netbeans.org/ns/editor-bookmarks/2" lastBookmarkId="0"/>
    <open-files xmlns="http://www.netbeans.org/ns/projectui-open-files/2">
        <group>
            <file>file:/Users/Jonah/Documents/CS110/Projects/Labs/Assignment%205/Assignment5-%20Jonah%20Kubath/src/assignment5/WorkScheduleStatisticsWorker.java</file>
            <file>file:/Users/Jonah/Documents/CS110/Projects/Labs/Assignment%205/Assignment5-%20Jonah%20Kubath/src/assignment5/Constants.java</file>
            <file>file:/Users/Jonah/Documents/CS110/Projects/Labs/Assignment%205/Assignment5-%20Jonah%20Kubath/src/assignment5/WorkScheduleStatisticsDriver.java</file>
            <file>file:/Users/Jonah/Documents/CS110/Projects/Labs/Assignment%205/Assignment5-%20Jonah%20Kubath/src/assignment5/DataStore.java</file>
        </group>
    </open-files>
</project-private>
